Model,Accuracy,F1-Score,Precision,Recall
Naive Bayes,0.889166667,0.889005108,0.888941457,0.889166667
Random Forest,0.889166667,0.889005108,0.888941457,0.889166667
LSTM,0.889166667,0.889005108,0.888941457,0.889166667
BERT,0.904501123,0.896776343,0.898941457,0.899166667
